ADDRESS,LATITUDE,LONGITUDE,POSTAL CODE,NETWORK,PORT TYPE,AVAILABLE PORT,CHARGING FEE,ACCESSIBILITY,Operating Time,ACTIVATION METHOD
#120 280 Nelson St,49.27652699,-123.1188815,V6B 2E2,ChargePoint,EV Plug (J1772),1,$4.00/hr,Public,00:00 to 24:00,"ChargeHub App,Network App,Network RFID,Visa,Mastercard"
1 Kingsway,49.26413139,-123.1001732,V5T 3H7,Shell Recharge,EV Plug (J1772),2,$2.00/hr,Public,00:00 to 24:00,"ChargeHub App,Network App"
100 W 49th Ave,49.22459251,-123.108253,V5Y 2Z6,ChargePoint,EV Plug (J1772),26,Free,Public,00:00 to 24:00,"ChargeHub App,Network App,Network RFID,Visa,Mastercard"
1001 Cotton Dr,49.276066,-123.071246,V5L 3T2,Shell Recharge,EV Plug (J1772),3,$2.00/hr,Public,00:00 to 24:00,"ChargeHub App,Network App"
1021 W Hastings St,49.28765244,-123.1178822,V6C 0B2,ChargePoint,EV Plug (J1772),8,Free,Public,00:00 to 24:00,"ChargeHub App,Network App,Network RFID,Visa,Mastercard"
1021 W Hastings St,49.28765244,-123.1178822,V6C 0B2,ChargePoint,EV Plug (J1772),8,Free,Public,00:00 to 24:00,"ChargeHub App,Network App,Network RFID,Visa,Mastercard"
1025 W 49th Ave,49.226886,-123.129085,V6M 2P7,ChargePoint,EV Plug (J1772),2,Free,Public,00:00 to 24:00,"ChargeHub App,Network App,Network RFID,Visa,Mastercard"
1030 W Georgia St,49.28490433,-123.1219174,V6E 2Y3,Tesla,Tesla,4,Free,Public,00:00 to 24:00,No network activation required
1038 Canada Place,49.28813905,-123.1163832,V6C 0B9,Tesla,Tesla,1,Free,Public,00:00 to 24:00,No network activation required
1040 W Pender St,49.28673634,-123.1194015,V6E 2N7,ChargePoint,EV Plug (J1772),14,Free,Public,00:00 to 24:00,"ChargeHub App,Network App,Network RFID,Visa,Mastercard"
1050 Eveleigh St,49.28688003,-123.1198843,V6E 3T4,ChargePoint,EV Plug (J1772),2,Free,Public,00:00 to 24:00,"ChargeHub App,Network App,Network RFID,Visa,Mastercard"
1055 Eveleigh St,49.28700594,-123.1207439,V6E 4T3,ChargePoint,EV Plug (J1772),18,Free,Public,00:00 to 24:00,"ChargeHub App,Network App,Network RFID,Visa,Mastercard"
1055 W Hastings St,49.28785734,-123.11825,V6E 2E9,Sun Country Highway,EV Plug (J1772),2,Free,Public,00:00 to 24:00,"ChargeHub App,Network App,Network RFID,Visa,Mastercard"
1055 W Hastings St,49.28785734,-123.11825,V6E 2E9,ChargePoint,EV Plug (J1772),2,Free,Public,00:00 to 24:00,"ChargeHub App,Network App,Network RFID,Visa,Mastercard"
1066 W Hastings St,49.28773513,-123.119066,V6E 3X1,ChargePoint,EV Plug (J1772),4,Free,Public,00:00 to 24:00,"ChargeHub App,Network App,Network RFID,Visa,Mastercard"
1067 Seymour St,49.27805266,-123.1234396,V6B 3M6,Flo,EV Plug (J1772),2,$2.75/hr,Public,00:00 to 24:00,"Network App,Network RFID"
1068 W 37th Ave,49.23762119,-123.1295191,V6M 1L8,ChargePoint,EV Plug (J1772),2,Free,Public,00:00 to 24:00,"ChargeHub App,Network App,Network RFID,Visa,Mastercard"
107 E Cordova Stree,49.28286262,-123.1015758,V6A 1K3,Flo,EV Plug (J1772),3,$2.75/hr,Public,00:00 to 24:00,"Network App,Network RFID"
1075 W Georgia,49.28590314,-123.1221152,V6E 3C9,Flo,EV Plug (J1772),2,Free,Public,00:00 to 24:00,"Network App,Network RFID"
1075 W Waterfront Rd,49.28861303,-123.1181229,V6C 2C6,ChargePoint,EV Plug (J1772),4,$1.00/hr,Public,00:00 to 24:00,"ChargeHub App,Network App,Network RFID,Visa,Mastercard"
1095 W Waterfront Rd,49.28997381,-123.1190553,V6C 1C7,Flo,EV Plug (J1772),2,$2.75/hr,Public,00:00 to 24:00,"Network App,Network RFID"
1095 W Waterfront Rd,49.28991783,-123.1191089,V6C 1C7,Sun Country Highway,EV Plug (J1772),2,Free,Public,00:00 to 24:00,"ChargeHub App,Network App,Network RFID,Visa,Mastercard"
1095 W Waterfront Rd,49.28991783,-123.1191089,V6C 1C7,ChargePoint,EV Plug (J1772),1,Free,Public,00:00 to 24:00,"ChargeHub App,Network App,Network RFID,Visa,Mastercard"
1100 Granville St,49.277692,-123.124668,V6Z 2B6,Flo,EV Plug (J1772),1,Free,Public,00:00 to 24:00,"Network App,Network RFID"
111 Dunsmuir St,49.28063358,-123.1106881,V6B 2N7,ChargePoint,EV Plug (J1772),2,Free,Public,00:00 to 24:00,"ChargeHub App,Network App,Network RFID,Visa,Mastercard"
111 E 2nd Ave,49.26963798,-123.1018177,V5T 1B4,ChargePoint,EV Plug (J1772),16,Free,Public,00:00 to 24:00,"ChargeHub App,Network App,Network RFID,Visa,Mastercard"
1121-1133 Alberni St,49.28638933,-123.1249371,V6E 1A5,ChargePoint,EV Plug (J1772),3,Free,Public,00:00 to 24:00,"ChargeHub App,Network App,Network RFID,Visa,Mastercard"
1128 Quebec St,49.27493147,-123.1014726,V6A 4E1,ChargePoint,EV Plug (J1772),2,$1.00/hr,Public,00:00 to 24:00,"ChargeHub App,Network App,Network RFID,Visa,Mastercard"
1128 W Georgia St,49.28596615,-123.1236539,V6E 0A8,Tesla,Tesla,6,Free,Public,00:00 to 24:00,"Cash,Interact,Visa,Mastercard,American Express,Discover,No network activation required"
1128 W Georgia St,49.28596615,-123.1236539,V6E 0A8,None,EV Plug (J1772),1,Free,Public,00:00 to 24:00,"Cash,Interact,Visa,Mastercard,American Express,Discover,No network activation required"
114 E 4th Ave,49.26736289,-123.102276,V5T 1G2,Flo,EV Plug (J1772),12,$1.50/hr,Public,00:00 to 24:00,"Network App,Network RFID"
1150 Station St,49.27388387,-123.0982136,V6A 2X7,Flo,EV Plug (J1772),1,$2.00/hr,Public,00:00 to 24:00,"Network App,Network RFID"
1177 Melville St,49.28771994,-123.1232036,V6E 0A3,Tesla,EV Plug (J1772),6,Free,Public,00:00 to 24:00,No network activation required
1180 Mainland St,49.27479967,-123.1210562,V6B 2T9,ChargePoint,EV Plug (J1772),2,$2.00/hr,Public,00:00 to 24:00,"ChargeHub App,Network App,Network RFID,Visa,Mastercard"
1180 W Hastings St,49.28842853,-123.1222664,V6E 4R5,Tesla,EV Plug (J1772),1,Free,Public,00:00 to 24:00,No network activation required
1200 W 73th Ave,49.20358832,-123.1346721,V6P 6Z1,Flo,EV Plug (J1772),4,$2.00/hr,Public,00:00 to 24:00,"Network App,Network RFID"
122 Walter Hardwick Ave,49.27114089,-123.1076285,V5Y 0E2,ChargePoint,EV Plug (J1772),2,$2.00/hr,Public,00:00 to 24:00,"ChargeHub App,Network App,Network RFID,Visa,Mastercard"
1225 Robson St,49.28676984,-123.1271706,V6E 1C3,Flo,EV Plug (J1772),4,Free,Public,00:00 to 24:00,"Network App,Network RFID"
1285 W Broadway,49.2638498,-123.1334277,V6H 3X8,ChargePoint,EV Plug (J1772),2,$1.00/hr,Public,00:00 to 24:00,"ChargeHub App,Network App,Network RFID,Visa,Mastercard"
1305 Arbutus St,49.27459257,-123.1537685,V6J 5N2,Flo,EV Plug (J1772),4,$1.00/hr,Public,00:00 to 24:00,"Network App,Network RFID"
1333 W Broadway,49.2640362,-123.1342865,V6H 1G9,ChargePoint,EV Plug (J1772),4,Free,Public,00:00 to 24:00,"ChargeHub App,Network App,Network RFID,Visa,Mastercard"
1371 W 8th Ave,49.2647233,-123.1352405,V6H 3W4,ChargePoint,EV Plug (J1772),2,Free,Public,00:00 to 24:00,"ChargeHub App,Network App,Network RFID,Visa,Mastercard"
1416 Old Bridge St,49.27091028,-123.1341523,V6H 3S6,Flo,EV Plug (J1772),6,Free,Public,00:00 to 24:00,"Network App,Network RFID"
1470 W Broadway,49.26359531,-123.1375786,V6H 1H4,Tesla,EV Plug (J1772),1,Free,Public,00:00 to 24:00,No network activation required
150 W Pender St,49.28119735,-123.1097271,V6B 1R8,Flo,EV Plug (J1772),2,$2.75/hr,Public,00:00 to 24:00,"Network App,Network RFID"
150 Water St,49.28396694,-123.1078252,V6B 1B2,Flo,EV Plug (J1772),2,$2.75/hr,Public,00:00 to 24:00,"Network App,Network RFID"
1500 Quebec St,49.27283788,-123.1011807,V6A 2W5,Flo,EV Plug (J1772),2,$2.75/hr,Public,00:00 to 24:00,"Network App,Network RFID"
151 W Cordova St,49.28346548,-123.1079938,V6B 1E1,Flo,EV Plug (J1772),1,$2.75/hr,Public,00:00 to 24:00,"Network App,Network RFID"
1550 W 10th Ave,49.2624862,-123.1401951,V6J 5L1,ChargePoint,EV Plug (J1772),2,$1.50/hr,Public,00:00 to 24:00,"ChargeHub App,Network App,Network RFID,Visa,Mastercard"
1580 W Broadway,49.26355619,-123.140462,V6J 5K8,ChargePoint,EV Plug (J1772),7,Free,Public,05:00 to 24:00,"ChargeHub App,Network App,Network RFID,Visa,Mastercard"
1595 Boundary Rd,49.27109489,-123.024529,V5K 5C4,ChargePoint,EV Plug (J1772),2,$3.00/hr,Public,00:00 to 24:00,"ChargeHub App,Network App,Network RFID,Visa,Mastercard"
1596 W 14th Ave,49.25892744,-123.1405872,V6J 2H9,ChargePoint,EV Plug (J1772),2,Free,Public,00:00 to 24:00,"ChargeHub App,Network App,Network RFID,Visa,Mastercard"
1620 Bayshore Drive,49.29171223,-123.1299935,V6G 3L3,ChargePoint,EV Plug (J1772),4,$10.00/hr,Public,00:00 to 24:00,"ChargeHub App,Network App,Network RFID,Visa,Mastercard"
1664 E. 11th,49.26043,-123.070163,V5N 1Y7,ChargePoint,CCS & CHAdeMO,2,$12.60/hr,Public,00:00 to 24:00,"ChargeHub App,Network App,Network RFID"
1669 Davie St,49.28618693,-123.1396168,V6G 1W1,Flo,EV Plug (J1772),2,Free,Public,00:00 to 24:00,"Network App,Network RFID"
1669 Davie St,49.28618693,-123.1396168,V6G 1W1,Flo,EV Plug (J1772),2,Free,Public,00:00 to 24:00,"Network App,Network RFID"
1700 W Broadway,49.26347482,-123.1442446,V6J 1Y1,Flo,EV Plug (J1772),5,$6.00/hr,Public,00:00 to 24:00,"Network App,Network RFID"
1743 Burrard St,49.27036379,-123.1460964,V6J 3G6,Petro-Canada,EV Plug (J1772),1,Free,Public,00:00 to 24:00,"Network App,Visa,Mastercard"
1743 Burrard St,49.27036379,-123.1460964,V6J 3G6,Petro-Canada,CCS & CHAdeMO,1,$30/hr,Public,00:00 to 24:00,"Network App,Visa,Mastercard"
177 Robson St,49.27847416,-123.1144651,V6B 2A8,ChargePoint,EV Plug (J1772),3,$2.00/hr,Public,00:00 to 24:00,"ChargeHub App,Network App,Network RFID,Visa,Mastercard"
1770 W 7th,49.26535339,-123.1451729,V6J 4Z9,Flo,EV Plug (J1772),2,$0.50/hr,Public,00:00 to 24:00,"Network App,Network RFID"
180 Keefer St,49.27930656,-123.1008379,V6A 1X4,Flo,EV Plug (J1772),2,$2.75/hr,Public,00:00 to 24:00,"Network App,Network RFID"
180 Keefer St,49.27930656,-123.1008379,V6A 1X4,Flo,EV Plug (J1772),2,$2.75/hr,Public,00:00 to 24:00,"Network App,Network RFID"
1821 Robson St,49.29190042,-123.1356396,V6G 3E4,Sun Country Highway,EV Plug (J1772),1,$25/session,Restricted,08:00 to 22:00,No network activation required
1821 Robson St,49.29190042,-123.1356396,V6G 3E4,Tesla,EV Plug (J1772),1,$25/session,Restricted,08:00 to 22:00,No network activation required
1885 Clark Drive,49.2682956,-123.0781398,V5N 1G5,ChargePoint,EV Plug (J1772),2,Free,Public,00:00 to 24:00,"ChargeHub App,Network App,Network RFID,Visa,Mastercard"
200 Burrard St,49.28775114,-123.1151518,V6C 3M1,Tesla,EV Plug (J1772),8,Varies,Public,00:00 to 24:00,Network App
200 Granville St,49.28696583,-123.1126152,V6C 2R3,Flo,EV Plug (J1772),2,Free,Public,00:00 to 24:00,"Network App,Network RFID"
200 Granville St,49.28696583,-123.1126152,V6C 3L6,Flo,EV Plug (J1772),4,Free,Public,00:00 to 24:00,"Network App,Network RFID"
201 Alvin Narod Mews,49.27498927,-123.1201323,V6B 8P5,Flo,EV Plug (J1772),1,$2.75/hr,Public,00:00 to 24:00,"Network App,Network RFID"
2099 Beach Ave,49.291034,-123.145028,V6G 1Z4,Shell Recharge,EV Plug (J1772),3,$2.00/hr,Public,00:00 to 24:00,"ChargeHub App,Network App"
210 E 5th Ave,49.26643889,-123.1003066,V5T 0K1,Flo,EV Plug (J1772),5,$1.50/hr,Public,00:00 to 24:00,"Network App,Network RFID"
2221 Main St,49.2653089,-123.1012645,V5T 1J5,ChargePoint,CCS & CHAdeMO,2,$12.60/hr,Public,00:00 to 24:00,"ChargeHub App,Network App,Network RFID,Visa,Mastercard"
2221 Main St,49.2653089,-123.1012645,V5T 1J5,ChargePoint,EV Plug (J1772),6,$2.00/hr,Public,00:00 to 24:00,"ChargeHub App,Network App,Network RFID,Visa,Mastercard"
225 N Renfrew St,49.28733448,-123.0444159,V5K 3N8,ChargePoint,EV Plug (J1772),2,$1.00/hr,Public,00:00 to 24:00,"ChargeHub App,Network App,Network RFID,Visa,Mastercard"
2323 Boundary Rd,49.26390562,-123.0247716,V5M 4W5,ChargePoint,EV Plug (J1772),2,Free,Public,00:00 to 24:00,"Network App,Network RFID"
2395 Boundary Rd,49.26282283,-123.0242831,V5M 4W5,ChargePoint,EV Plug (J1772),1,Free,Public,00:00 to 24:00,"ChargeHub App,Network App,Network RFID"
2675 Oak St,49.26209514,-123.1269226,V6H 2K2,Flo,EV Plug (J1772),2,$2.50/hr,Public,00:00 to 24:00,"Network App,Network RFID"
2710 Yukon St,49.2612175,-123.1127794,V5Y 3R1,ChargePoint,CCS & CHAdeMO,2,$12.60/hr,Public,00:00 to 24:00,"ChargeHub App,Network App,Network RFID"
272 E 53rd Ave,49.222282,-123.10009,V5X 1H9,ChargePoint,EV Plug (J1772),2,$2.00/hr,Public,00:00 to 24:00,"ChargeHub App,Network App,Network RFID,Visa,Mastercard"
273 E 53rd Ave,49.22223502,-123.1000952,V5X 1H7,ChargePoint,EV Plug (J1772),2,$2.00/hr,Public,00:00 to 24:00,"ChargeHub App,Network App,Network RFID,Visa,Mastercard"
2830 Bentall St,49.25990381,-123.0308543,V5M 4H4,Flo,EV Plug (J1772),1,$1.50/hr,Public,00:00 to 24:00,"Network App,Network RFID"
2830 Bentall St,49.25990381,-123.0308543,V5M 4H4,Flo,CCS & CHAdeMO,3,$20.00/hr,Public,00:00 to 24:00,"Network App,Network RFID"
285 W 5th Ave,49.26696239,-123.1104501,V5Y 1J3,ChargePoint,EV Plug (J1772),2,$1.00/hr,Public,00:00 to 24:00,"ChargeHub App,Network App,Network RFID,Visa,Mastercard"
2920 Virtual Way,49.2598281,-123.0437478,V5M 4X7,Flo,EV Plug (J1772),10,Free,Public,00:00 to 24:00,"Network App,Network RFID"
2920 Virtual Way,49.2598281,-123.0437478,V5M 4X7,Flo,CCS & CHAdeMO,1,$15/hr,Public,00:00 to 24:00,"Network App,Network RFID"
300 1111 W Georgia St,49.28006136,-123.1145198,V6E 4G2,None,EV Plug (J1772),2,Free,Public,00:00 to 24:00,No network activation required
300 1111 W Georgia St,49.28006136,-123.1145198,V6E 4G2,Tesla,Tesla,3,Free,Public,00:00 to 24:00,No network activation required
3138 Riverwalk Ave,49.20592376,-123.0415626,V5S 0B6,ChargePoint,EV Plug (J1772),2,$1.50/hr,Public,00:00 to 24:00,"ChargeHub App,Network App,Network RFID,Visa,Mastercard"
3185 Grandview Highway,49.2590676,-123.0367669,V5M 2E9,BC Hydro EV,CCS & CHAdeMO,2,$12.726/hr,Public,00:00 to 24:00,"Network App,Network RFID"
3195 Granville St,49.25737812,-123.1393023,V6H 3K2,Flo,EV Plug (J1772),3,$2.00/hr,Public,00:00 to 24:00,"Network App,Network RFID"
322 Davie St,49.27478497,-123.1226403,V6B 5Z6,Tesla,EV Plug (J1772),2,Free,Restricted,00:00 to 24:00,No network activation required
3311 E. Hastings,49.281369,-123.033786,V5K 5J3,Shell Recharge,CCS & CHAdeMO,2,$12.60/hr,Public,00:00 to 24:00,"ChargeHub App,Network App"
3335 Webber Lane,49.25420561,-123.2375117,V6T 1W5,BC Hydro EV,CCS & CHAdeMO,2,$12.726/hr,Public,00:00 to 24:00,"Network App,Network RFID"
3350 Maquinna Dr,49.215032,-123.032341,V5S 4C6,Shell Recharge,EV Plug (J1772),3,$2.00/hr,Public,00:00 to 24:00,"ChargeHub App,Network App"
3350 Maquinna Drive,49.2149995,-123.0320235,V5S 4C6,Shell Recharge,EV Plug (J1772),3,$2.00/hr,Public,00:00 to 24:00,"ChargeHub App,Network App"
3360 Victoria Dr,49.256637,-123.065749,V5N 4M4,Shell Recharge,EV Plug (J1772),3,$2.00/hr,Public,00:00 to 24:00,"ChargeHub App,Network App"
344 W 7th Ave,49.26481449,-123.112143,V5Y 1M4,ChargePoint,EV Plug (J1772),1,Free,Public,00:00 to 24:00,"ChargeHub App,Network App,Network RFID"
35 E 13th Ave,49.25976172,-123.1041538,V5T 2K2,ChargePoint,EV Plug (J1772),1,Free,Public,00:00 to 24:00,"ChargeHub App,Network App,Network RFID"
350 SE Marine Drive,49.2086908,-123.0995161,V5X 3L8,BC Hydro EV,CCS & CHAdeMO,2,$12.726/hr,Public,00:00 to 24:00,"Network App,Network RFID"
350 W Georgia St,49.27978036,-123.1154665,V6B 6B3,Shell Recharge,EV Plug (J1772),3,Free,Public,00:00 to 24:00,"ChargeHub App,Network App"
3505 Grandview Highway,49.25871011,-123.0280316,V5M 2G7,On the Run,CCS & CHAdeMO,2,Free,Public,00:00 to 24:00,Network App
3650 Charles St,49.27280267,-123.0251996,V5K 5A9,Flo,EV Plug (J1772),2,$2.00/hr,Public,00:00 to 24:00,"Network App,Network RFID"
400 Burrard St,49.28682125,-123.1171054,V6C 3A6,ChargePoint,EV Plug (J1772),4,Free,Public,00:00 to 24:00,"ChargeHub App,Network App,Network RFID,Visa,Mastercard"
400-401 W Georgia St,49.28171444,-123.1144392,V6B 5A1,ChargePoint,EV Plug (J1772),8,Free,Public,00:00 to 24:00,"ChargeHub App,Network App,Network RFID,Visa,Mastercard"
401 W Georgia St,49.28133958,-123.1148738,V6B 5A1,ChargePoint,EV Plug (J1772),2,Free,Public,00:00 to 24:00,"ChargeHub App,Network App,Network RFID,Visa,Mastercard"
4010 Main St,49.2492332,-123.100819,V5V 1Z6,Flo,EV Plug (J1772),2,$2.00/hr,Public,00:00 to 24:00,"Network App,Network RFID"
410 W Georgia,49.28076195,-123.1156906,V6B 1Z3,Flo,EV Plug (J1772),2,Free,Public,00:00 to 24:00,"Network App,Network RFID"
410 W Georgia,49.28075496,-123.1156906,V6B 1Z3,Flo,EV Plug (J1772),9,$1.50/hr,Public,00:00 to 24:00,"Network App,Network RFID"
4255 Laurel St,49.2479094,-123.1256028,V5Z 2G9,Flo,CCS & CHAdeMO,1,$9.00/hr,Public,00:00 to 24:00,"Network App,Network RFID"
446 SW Marine Drive,49.21014814,-123.1159526,V5X 2R9,ChargePoint,EV Plug (J1772),12,$1.80/hr,Public,00:00 to 24:00,"ChargeHub App,Network App,Network RFID,Visa,Mastercard"
450 Beach Crescent,49.27272798,-123.1294312,V6Z 3G1,Shell Recharge,CCS & CHAdeMO,4,$12.60/hr,Public,00:00 to 24:00,"ChargeHub App,Network App"
450 W Cordova St,49.28428604,-123.110423,V6B 1E5,ChargePoint,EV Plug (J1772),2,$5.00/hr,Public,00:00 to 24:00,"ChargeHub App,Network App,Network RFID,Visa,Mastercard"
453 W. 12th Ave,49.26122,-123.11374,V5Y 1V4,ChargePoint,EV Plug (J1772),2,$2.00/hr,Public,00:00 to 24:00,"ChargeHub App,Network App,Network RFID,Visa,Mastercard"
4575 Clancy Loranger Way,49.243665,-123.106578,V5Y 2M4,Shell Recharge,EV Plug (J1772),2,$1.00/hr,Public,00:00 to 24:00,"ChargeHub App,Network App"
4575 Clancy Loranger Way,49.243665,-123.106578,V5Y 2M4,Shell Recharge,EV Plug (J1772),2,$1.00/hr,Public,00:00 to 24:00,"ChargeHub App,Network App"
4615 Arbutus St,49.24530629,-123.1538783,V6J 4A3,On the Run,CCS & CHAdeMO,4,Free,Public,07:00 to 24:00,Network App
4698 Oak St,49.24326634,-123.1258327,V6H 3V4,ChargePoint,EV Plug (J1772),1,Free,Public,00:00 to 24:00,"Network App,Network RFID"
4747 Dunbar St,49.24391574,-123.1860887,V6S 2H2,Shell Recharge,EV Plug (J1772),1,Free,Public,00:00 to 24:00,"ChargeHub App,Network App"
4747 Dunbar St,49.24391574,-123.1860887,V6S 2H2,Shell Recharge,EV Plug (J1772),3,$2.00/hr,Public,00:00 to 24:00,"ChargeHub App,Network App"
475 Howe St,49.28572514,-123.1156772,V6C 2B3,None,EV Plug (J1772),10,Free,Public,00:00 to 24:00,No network activation required
475 Howe St,49.28572514,-123.1156772,V6C 2B3,Tesla,Tesla,10,Free,Public,00:00 to 24:00,No network activation required
489 Interurban Way,49.20945408,-123.1167873,V5X 0C7,Flo,EV Plug (J1772),10,$1.80/hr,Public,00:00 to 24:00,"Network App,Network RFID"
4915 W 16th Ave,49.25917311,-123.2222267,V6R 3E9,Flo,EV Plug (J1772),2,Free,Public,00:00 to 24:00,"Network App,Network RFID"
500 W 12th Ave,49.26043793,-123.1155672,V5Z 1M2,Flo,EV Plug (J1772),4,$10.00/hr,Public,00:00 to 24:00,"Network App,Network RFID"
507 W Broadway,49.2636245,-123.1154341,V5Z 1E6,ChargePoint,EV Plug (J1772),4,Free,Public,00:00 to 24:00,"ChargeHub App,Network App,Network RFID,Visa,Mastercard"
510 Burrard St,49.28602774,-123.1176354,V6C 3A8,Flo,EV Plug (J1772),4,Free,Public,00:00 to 24:00,"Network App,Network RFID"
510 W Georgia St,49.28151044,-123.1167787,V6B 0M3,ChargePoint,EV Plug (J1772),8,$1.50/hr,Public,00:00 to 24:00,"ChargeHub App,Network App,Network RFID,Visa,Mastercard"
514 Homer St,49.28249535,-123.1121346,V6B 2V6,Tesla,EV Plug (J1772),1,Free,Public,00:00 to 24:00,No network activation required
5175 Dumfries St,49.23850632,-123.0754852,V5P 3A2,Shell Recharge,EV Plug (J1772),3,$2.00/hr,Public,00:00 to 24:00,"ChargeHub App,Network App"
535 Hornby St,49.28570214,-123.1178574,V6C 2E8,Flo,EV Plug (J1772),6,$2.75/hr,Public,00:00 to 24:00,"Network App,Network RFID"
535 Richards St,49.28312014,-123.113908,V6B 2Z5,Flo,EV Plug (J1772),2,$2.75/hr,Public,00:00 to 24:00,"Network App,Network RFID"
5425 Shortcut Rd,49.26562639,-123.2360071,V6T 1R9,Flo,EV Plug (J1772),2,$2.00/hr,Public,00:00 to 24:00,"Network App,Network RFID"
555 Seymour St,49.28343685,-123.1151467,V6B 3H6,Flo,EV Plug (J1772),5,Free,Public,00:00 to 24:00,"Network App,Network RFID"
5575 W Boulevard,49.23590703,-123.1556233,V6M 3W6,BC Hydro EV,CCS & CHAdeMO,2,$12.726/hr,Public,00:00 to 24:00,"Network App,Network RFID"
561 Homer St,49.28235595,-123.11328,V6B 2V7,BC Hydro EV,CCS & CHAdeMO,2,$12.726/hr,Public,00:00 to 24:00,"Network App,Network RFID"
5750 Yew St,49.23392787,-123.1578002,V6M 3Y6,Flo,EV Plug (J1772),2,$2.50/hr,Public,00:00 to 24:00,"Network App,Network RFID"
595 W 6th Ave,49.26609918,-123.1173025,V5Z 1A1,Flo,EV Plug (J1772),2,$2.75/hr,Public,00:00 to 24:00,"Network App,Network RFID"
600 Homer St,49.28141706,-123.1134102,V6B 2R4,ChargePoint,CCS & CHAdeMO,24,Free,Public,00:00 to 24:00,"ChargeHub App,Network App,Network RFID,Visa,Mastercard"
600 National Ave,49.27360957,-123.0921853,V6A 0B8,Shell Recharge,CCS & CHAdeMO,3,$12.60/hr,Public,00:00 to 24:00,"ChargeHub App,Network App"
603 W 59th Ave,49.21762313,-123.1175098,V6P 0J9,ChargePoint,EV Plug (J1772),2,Free,Public,00:00 to 24:00,"ChargeHub App,Network App,Network RFID,Visa,Mastercard"
625 Howe St,49.28435086,-123.1179448,V6C 2T6,Flo,EV Plug (J1772),5,$6.00/hr,Public,00:00 to 24:00,"Network App,Network RFID"
6260 Killarney St,49.226968,-123.044818,V5S 2X7,Shell Recharge,EV Plug (J1772),2,$2.00/hr,Public,00:00 to 24:00,"ChargeHub App,Network App"
646 E. 44th Ave,49.2299043,-123.0913508,V5W 1X6,Shell Recharge,EV Plug (J1772),2,$2.00/hr,Public,00:00 to 24:00,"ChargeHub App,Network App"
646 E. 44th Ave,49.2299043,-123.0913508,V5W 1X6,Shell Recharge,CCS & CHAdeMO,1,$12.60/hr,Public,00:00 to 24:00,"ChargeHub App,Network App"
65 W Cordova St,49.28313444,-123.1062579,V6B 8P6,Flo,EV Plug (J1772),5,$2.75/hr,Public,00:00 to 24:00,"Network App,Network RFID"
650 W 41st Ave,49.23355317,-123.1178244,V5Z 2M9,Tesla,EV Plug (J1772),2,Free,Public,00:00 to 24:00,No network activation required
650 W 41st Ave,49.23355317,-123.1178244,V5Z 2M9,Flo,EV Plug (J1772),2,Free,Public,00:00 to 24:00,"Network App,Network RFID"
650 W Georgia St,49.28202355,-123.1179344,V6B 4N7,ChargePoint,EV Plug (J1772),16,Free,Public,00:00 to 24:00,"ChargeHub App,Network App,Network RFID,Visa,Mastercard"
650 W Georgia St,49.28202355,-123.1179344,V6B 4N7,ChargePoint,EV Plug (J1772),2,$2.00/hr,Public,00:00 to 24:00,"ChargeHub App,Network App,Network RFID,Visa,Mastercard"
658 Homer St,49.28094135,-123.1144543,V6B 2R4,ChargePoint,EV Plug (J1772),2,Free,Public,00:00 to 24:00,"ChargeHub App,Network App,Network RFID,Visa,Mastercard"
658 Homer St,49.28094135,-123.1144543,V6B 2R4,ChargePoint,EV Plug (J1772),70,Free,Public,00:00 to 24:00,"ChargeHub App,Network App,Network RFID,Visa,Mastercard"
666 Burrard St,49.28518814,-123.1192312,V6C 3P6,ChargePoint,EV Plug (J1772),8,Free,Public,00:00 to 24:00,"ChargeHub App,Network App,Network RFID,Visa,Mastercard"
666 Burrard St,49.28518814,-123.1192312,V6C 3P6,ChargePoint,CCS & CHAdeMO,1,$15/hr,Public,00:00 to 24:00,"ChargeHub App,Network App,Network RFID,Visa,Mastercard"
675 Cambie St,49.28001926,-123.1131979,V6B 2P1,ChargePoint,EV Plug (J1772),2,$2.00/hr,Public,00:00 to 24:00,"ChargeHub App,Network App,Network RFID,Visa,Mastercard"
695 E 19th Ave,49.25404135,-123.0902218,V5V 0J1,ChargePoint,EV Plug (J1772),4,$2.00/hr,Restricted,00:00 to 24:00,"ChargeHub App,Network App,Network RFID,Visa,Mastercard"
700 Hamilton St,49.27973556,-123.114106,V6B 2R5,ChargePoint,EV Plug (J1772),2,$1.50/hr,Public,00:00 to 24:00,"ChargeHub App,Network App,Network RFID,Visa,Mastercard"
701 W Georgia St,49.28321964,-123.118031,V7Y 1G5,Flo,EV Plug (J1772),1,$2.75/hr,Public,00:00 to 24:00,"Network App,Network RFID"
701 W Georgia St,49.28321964,-123.118031,V7Y 1G5,Flo,EV Plug (J1772),7,$2.75/hr,Public,00:00 to 24:00,"Network App,Network RFID"
7309 Knight St,49.21790691,-123.0776357,V5P 2X1,On the Run,CCS & CHAdeMO,4,Free,Public,00:00 to 24:00,Network App
745 Thurlow St,49.28545154,-123.1242809,V6E 1V8,ChargePoint,EV Plug (J1772),6,Free,Public,00:00 to 24:00,"ChargeHub App,Network App,Network RFID,Visa,Mastercard"
750 W Pender St,49.28513892,-123.1159331,V6C 1G8,Flo,EV Plug (J1772),14,Free,Public,00:00 to 24:00,"Network App,Network RFID"
750 W Pender St,49.28513892,-123.1159331,V6C 1G8,Flo,EV Plug (J1772),14,Free,Public,00:00 to 24:00,"Network App,Network RFID"
775 Hamilton St,49.27951686,-123.115166,V6B 6B3,Flo,EV Plug (J1772),2,$2.75/hr,Public,00:00 to 24:00,"Network App,Network RFID"
777 Hornby St,49.28319814,-123.1218383,V6Z 1S4,ChargePoint,EV Plug (J1772),6,Free,Public,00:00 to 24:00,"ChargeHub App,Network App,Network RFID,Visa,Mastercard"
777 Richards,49.28070356,-123.1174706,V6B 1A6,ChargePoint,EV Plug (J1772),1,$1.50/hr,Public,00:00 to 24:00,"ChargeHub App,Network App,Network RFID,Visa,Mastercard"
777 Richards St,49.28135422,-123.1172813,V6B 0M6,ChargePoint,EV Plug (J1772),4,$1.50/hr,Public,00:00 to 24:00,"ChargeHub App,Network App,Network RFID,Visa,Mastercard"
788 Richards St,49.28073168,-123.1165284,V6B 3A4,Tesla,EV Plug (J1772),2,Free,Public,00:00 to 24:00,No network activation required
790 Terminal Ave,49.26974458,-123.086391,V6A 2M5,ChargePoint,EV Plug (J1772),1,Free,Public,00:00 to 24:00,"ChargeHub App,Network App,Network RFID,Visa,Mastercard"
799 Robson St,49.28208225,-123.1200862,V7Y 0A2,Tesla,EV Plug (J1772),22,Varies,Public,00:00 to 24:00,Network App
80 Walter Hardwick Ave,49.27100778,-123.1057406,V5Y 0C3,ChargePoint,EV Plug (J1772),2,$2.00/hr,Public,00:00 to 24:00,"ChargeHub App,Network App,Network RFID,Visa,Mastercard"
8265 Fraser St,49.21023716,-123.0922648,V5X 3X9,ChargePoint,EV Plug (J1772),2,Free,Public,00:00 to 24:00,"ChargeHub App,Network App,Network RFID,Visa,Mastercard"
8277 Ontario St,49.21105843,-123.107628,V5X 0A7,Flo,CCS & CHAdeMO,3,$20.00/hr,Public,00:00 to 24:00,"Network App,Network RFID"
8320 Oak St,49.21056209,-123.1297213,V6P 4B1,On the Run,CCS & CHAdeMO,2,Free,Public,07:00 to 24:00,Network App
833 W Pender St,49.28591914,-123.1163804,V6C 1K7,Flo,EV Plug (J1772),7,$10.00/hr,Public,00:00 to 24:00,"Network App,Network RFID"
833 W Pender St,49.28591914,-123.1163804,V6C 1K7,Flo,EV Plug (J1772),1,Free,Public,00:00 to 24:00,"Network App,Network RFID"
845 Avison Way,49.30047205,-123.1302292,V6G 3E2,ChargePoint,EV Plug (J1772),2,$1.00/hr,Public,00:00 to 24:00,"ChargeHub App,Network App,Network RFID,Visa,Mastercard"
845 Avison Way,49.299534,-123.13022,V6G 3E2,ChargePoint,EV Plug (J1772),2,$1.00/hr,Public,00:00 to 24:00,"ChargeHub App,Network App,Network RFID,Visa,Mastercard"
850 W 12th Ave,49.26016193,-123.1239596,V5Z 1N1,Flo,CCS & CHAdeMO,1,$9.00/hr,Public,00:00 to 24:00,"Network App,Network RFID"
8655 Boundary Rd,49.20484829,-123.023984,V5S 4N3,Shell Recharge,CCS & CHAdeMO,3,$26.79/hr,Public,00:00 to 24:00,"ChargeHub App,Network App"
872 Richards St,49.279403,-123.118908,V6B 3B4,ChargePoint,EV Plug (J1772),1,$4.00/hr,Public,00:00 to 24:00,"ChargeHub App,Network App,Network RFID,Visa,Mastercard"
872 Richards St,49.279403,-123.118908,V6B 3B4,ChargePoint,CCS & CHAdeMO,1,$12.60/hr,Public,00:00 to 24:00,"ChargeHub App,Network App,Network RFID,Visa,Mastercard"
885 W Georgia,49.28402275,-123.1193942,V6C 2G2,Flo,EV Plug (J1772),2,Free,Public,00:00 to 24:00,"Network App,Network RFID"
888 Dunsmuir,49.28461965,-123.1183258,V6C 3K4,Flo,EV Plug (J1772),5,$6.00/hr,Public,00:00 to 24:00,"Network App,Network RFID"
899 W 12th Ave,49.2611366,-123.1244712,V5Z 1M9,Flo,EV Plug (J1772),2,Free,Public,00:00 to 24:00,"Network App,Network RFID"
900 Burrard,49.28219694,-123.1243895,V6Z 3G5,Flo,EV Plug (J1772),6,Free,Public,00:00 to 24:00,"Network App,Network RFID"
900 Cordova St,49.28710662,-123.1148642,V6C 0A7,Flo,EV Plug (J1772),5,$2.75/hr,Public,00:00 to 24:00,"Network App,Network RFID"
900 W George St,49.28384735,-123.1207718,V6C 2W6,None,EV Plug (J1772),1,Free,Public,00:00 to 24:00,No network activation required
900 W George St,49.28384735,-123.1207718,V6C 2W6,Tesla,Tesla,1,Free,Public,00:00 to 24:00,No network activation required
909 Mainland St,49.27781596,-123.1178856,V6B 1S3,Flo,EV Plug (J1772),2,$2.75/hr,Public,00:00 to 24:00,"Network App,Network RFID"
925 W Georgia St,49.28424165,-123.1199767,V6C 3L2,ChargePoint,EV Plug (J1772),16,Free,Public,00:00 to 24:00,"ChargeHub App,Network App,Network RFID,Visa,Mastercard"
930 Seymour St,49.27892566,-123.1210492,V6B 1B4,Flo,EV Plug (J1772),4,Free,Public,00:00 to 24:00,"Network App,Network RFID"
930 Seymour St,49.27892566,-123.1210492,V6B 1B4,Flo,EV Plug (J1772),2,$2.20/hr,Public,00:00 to 24:00,"Network App,Network RFID"
938 W 28th Ave,49.245916,-123.1257091,V5Z 4H4,ChargePoint,EV Plug (J1772),1,$0.15/hr,Restricted,00:00 to 24:00,Unknown activation method
959-979 Mainland St,49.27684,-123.11887,V6B 1A9,ChargePoint,EV Plug (J1772),2,$4.00/hr,Public,00:00 to 24:00,"ChargeHub App,Network App,Network RFID,Visa,Mastercard"
980 Howe St,49.28005306,-123.1234702,V6Z 0C8,Flo,EV Plug (J1772),8,Free,Public,00:00 to 24:00,"Network App,Network RFID"
988 W Broadway,49.2633308,-123.1261393,V5Z 1K7,Flo,EV Plug (J1772),4,Free,Public,06:00 to 17:00,"Network App,Network RFID"
988 W Broadway,49.2633308,-123.1261393,V5Z 1K7,ChargePoint,EV Plug (J1772),6,Free,Public,00:00 to 24:00,"ChargeHub App,Network App,Network RFID,Visa,Mastercard"
999 W Hastings St,49.28746723,-123.116036,V6C,ChargePoint,EV Plug (J1772),2,$1.00/hr,Public,00:00 to 24:00,"ChargeHub App,Network App,Network RFID,Visa,Mastercard"
Beach Ave. and Broughton St,49.281483,-123.139793,V6G 2X3,Shell Recharge,EV Plug (J1772),1,Free,Public,00:00 to 24:00,"ChargeHub App,Network App"
Beach Ave. and Broughton St,49.281483,-123.139793,V6G 1B9,Blink,EV Plug (J1772),2,Free,Public,00:00 to 24:00,"Network App,Network RFID"
Beach Ave. and Bute St,49.278736,-123.137209,V6E 1V3,Shell Recharge,EV Plug (J1772),2,Free,Public,00:00 to 24:00,"ChargeHub App,Network App"
Beach Ave. and Cardero St,49.283155,-123.142173,V6G 1B9,Blink,EV Plug (J1772),1,Free,Public,00:00 to 24:00,"ChargeHub App,Network App"
Beach Ave. and Cardero St,49.283155,-123.142173,V6G 1B9,Shell Recharge,EV Plug (J1772),2,Free,Public,00:00 to 24:00,"ChargeHub App,Network App"
6278 Northwest Marine Drive,49.26968738,-123.2569299,V6T 1Z1,None,EV Plug (J1772),10,$1.00/hr,Public,00:00 to 24:00,"Interact, Visa,Mastercard,American Express"
6115 Student Union Boulevard,49.26917088,-123.251066,V6T 1Z1,None,EV Plug (J1772),10,$1.00/hr,Public,00:00 to 24:00,"Interact, Visa,Mastercard,American Express"
6163 University Boulevard,49.26606992,-123.2496131,V6T 1Z3,None,EV Plug (J1772),12,$1.00/hr,Public,00:00 to 24:00,"Interact, Visa,Mastercard,American Express"
6163 University Boulevard,49.26606992,-123.2496131,V6T 1Z3,None,CCS & CHAdeMO,3,$1.00/hr,Public,00:00 to 24:00,"Interact, Visa,Mastercard,American Express"
6131 University Boulevard,49.26630149,-123.2490761,V6T 1Z1,SWTCH,EV Plug (J1772),12,$3.00/hr,Public,00:00 to 24:00,"Visa,Mastercard"
6131 University Boulevard,49.26630149,-123.2490761,V6T 1Z1,SWTCH,CCS & CHAdeMO,4,$3.00/hr,Public,00:00 to 24:00,"Visa,Mastercard"
2140 Lower Mall,49.26307173,-123.2553685,V6T 1Z2,None,EV Plug (J1772),10,$1.00/hr,Public,00:00 to 24:00,"Interact, Visa,Mastercard,American Express"
2140 Lower Mall,49.26307173,-123.2553685,V6T 1Z2,SWTCH,EV Plug (J1772),10,$3.00/hr,Public,00:00 to 24:00,"Interact, Visa,Mastercard,American Express"
2250 Health Sciences Mall,49.26354542,-123.2476875,V6T 1Z3,None,EV Plug (J1772),10,$1.00/hr,Public,00:00 to 24:00,"Interact, Visa,Mastercard,American Express"
2250 Health Sciences Mall,49.26354542,-123.2476875,V6T 1Z3,SWTCH,EV Plug (J1772),10,$3.00/hr,Public,00:00 to 24:00,"Interact, Visa,Mastercard,American Express"
6085 Thunderbird Boulevard,49.26079831,-123.2445016,V6T 1Z3,SWTCH,EV Plug (J1772),8,$3.00/hr,Public,08:00 to 16:00,"Visa,Mastercard"
6333 Larkin Drive,49.25743469,-123.248062,V6T 1Z4,None,EV Plug (J1772),2,Free,Restricted,00:00 to 24:00,Unknown activation method
3228 Ross Drive,49.25413786,-123.2397978,V6S 0C6,None,EV Plug (J1772),2,Free,Public,00:00 to 24:00,"Network App,Network RFID"
1200 West 73rd Avenue,49.20430479,-123.133303,V6P 6G5,SWTCH,EV Plug (J1772),6,$2.00/hr,Public,00:00 to 24:00,"ChargeHub App,Network App,Network RFID"
3488 Sawmill Crescent,49.20588532,-123.0315078,V5S 4R7,SWTCH,EV Plug (J1772),4,$2.00/hr,Public,07:00 to 22:00,"ChargeHub App,Network App,Network RFID"
8538 River District Crossing,49.2066637,-123.0307924,V9B 6A2,SWTCH,EV Plug (J1772),7,$2.00/hr,Public,07:00 to 22:00,"ChargeHub App,Network App,Network RFID"
1325 Boundary Road,49.27301877,-123.0242091,V5K 4T9,SWTCH,EV Plug (J1772),5,$1.75/hr,Public,00:00 to 24:00,"ChargeHub App,Network App,Network RFID"
1315 Kootenay Street,49.27284797,-123.0284577,V5K 4Y3,None,EV Plug (J1772),2,Free,Public,08:00 to 18:00,Unknown activation method
3095 Hebb Avenue,49.26037891,-123.0384373,V5M 4P7,ChargeLab,CCS & CHAdeMO,14,Free,Public,00:00 to 24:00,Network App
8199-Cambie-St,49.2107131,-123.1184495,V6P 3J8,SWTCH,EV Plug (J1772),2,$2.50/hr,Public,00:00 to 24:00,"ChargeHub App,Network App,Network RFID"
7413-Cambie-St,49.21784896,-123.1172586,V6P 6E8,SWTCH,EV Plug (J1772),2,$2.50/hr,Public,00:00 to 24:00,"ChargeHub App,Network App,Network RFID"
449 East 44th Avenue,49.23055639,-123.0952621,V5W 1W2,ChargeLab,EV Plug (J1772),2,$0.16/kWh,Public,00:00 to 24:00,Network App
749 West 49th Avenue,49.22690264,-123.1232528,V5Z 2S6,Hypercharge,EV Plug (J1772),1,Free,Public,00:00 to 24:00,"ChargeHub App,Network App,Network RFID"
650 West 41st Avenue,49.23345509,-123.1177868,V5Z 2M9,Hypercharge,EV Plug (J1772),1,$1.00/hr,Public,00:00 to 24:00,"ChargeHub App,Network App,Network RFID"
4480 Oak Street,49.24502286,-123.1234108,V6H 3N1,None,EV Plug (J1772),2,Free,Public,00:00 to 24:00,Unknown activation method
333 East 11th Avenue,49.26131731,-123.0973692,V5T 3J5,EVStart,EV Plug (J1772),2,$1.95/hr,Restricted,00:00 to 24:00,Network App
1783 West 14th Avenue,49.25951165,-123.1455165,V6J 2J6,ChargeLab,EV Plug (J1772),10,$0.16/kWh,Public,00:00 to 24:00,Network App
1758 West 8th Avenue,49.26467961,-123.1445393,V6J 1V6,Hypercharge,EV Plug (J1772),2,$1.50/hr,Public,00:00 to 24:00,"ChargeHub App,Network App,Network RFID"
1580 West Broadway,49.2636262,-123.1405264,V6J 5K8,ChargePoint,EV Plug (J1772),4,Free,Public,05:00 to 24:00,"Network App,Network RFID"
1580 West Broadway,49.2636262,-123.1405264,V6J 5K8,Sun Country Highway,EV Plug (J1772),3,Free,Public,05:00 to 24:00,"Network App,Network RFID"
1432 West 6th Avenue,49.26619429,-123.1366749,V6H 4E9,ChargeLab,EV Plug (J1772),6,$1.50/hr,Public,00:00 to 24:00,Network App
899 West 12th Avenue,49.26116461,-123.1245355,V5Z 1M9,None,EV Plug (J1772),4,Free,Public,00:00 to 24:00,Unknown activation method
550 West Broadway,49.2631347,-123.1167032,V5Z 1E9,Hypercharge,EV Plug (J1772),4,$2.00/hr,Public,00:00 to 24:00,"ChargeHub App,Network App,Network RFID"
425 West 6th Avenue,49.26601369,-123.1132046,V5Y 1L3,Hypercharge,EV Plug (J1772),2,Free,Public,00:00 to 24:00,"ChargeHub App,Network App,Network RFID"
425 West 6th Avenue,49.26606269,-123.1133119,V5Y 1L3,Hypercharge,EV Plug (J1772),2,$2.00/hr,Public,00:00 to 24:00,"ChargeHub App,Network App,Network RFID"
1611-Main-St,49.27156708,-123.1007687,V6A 2W5,SWTCH,EV Plug (J1772),2,$2.00/hr,Public,00:00 to 24:00,"ChargeHub App,Network App,Network RFID"
180 Keefer Street,49.27947454,-123.1008701,V6A 4E9,Blink,EV Plug (J1772),2,Free,Public,00:00 to 24:00,"Network App,Network RFID"
88 Pacific Boulevard,49.27725365,-123.1061475,V6Z 2R6,None,EV Plug (J1772),1,Free,Restricted,10:00 to 17:00,Unknown activation method
858 Beatty Street,49.27695916,-123.1148642,V6B 1C1,SWTCH,EV Plug (J1772),4,$1.00/hr,Public,00:00 to 24:00,"ChargeHub App,Network App,Network RFID"
1388-Richards-St,49.27398927,-123.1267578,V6B 3G6,SWTCH,EV Plug (J1772),3,$2.00/hr,Public,00:00 to 24:00,"ChargeHub App,Network App,Network RFID"
1155 Beach Avenue,49.27913056,-123.1363894,V6E 1V2,Blink,EV Plug (J1772),2,Free,Public,00:00 to 24:00,"Network App,Network RFID"
1100 Granville Street,49.27791136,-123.1246336,V6Z 2B6,TurnOnGreen,EV Plug (J1772),2,Free,Public,00:00 to 24:00,Network App
855 Jervis Street,49.28669584,-123.1296559,V6E 2B2,EVStart,EV Plug (J1772),2,$2.95/hr,Public,00:00 to 24:00,Network App
1081 Burrard Street,49.28066465,-123.1282541,V6Z 1Y6,None,EV Plug (J1772),16,Free,Public,00:00 to 24:00,Unknown activation method
1022 Nelson Street,49.28179656,-123.1271934,V6E 4S7,EVStart,EV Plug (J1772),12,$1.95/hr,Public,00:00 to 24:00,Network App
401 W. Georgia St,49.28143753,-123.1148147,V6B 5A1,Sun Country Highway,EV Plug (J1772),2,Free,Unknown,00:00 to 24:00,Unknown activation method
602 Dunsmuir Street,49.28319534,-123.1158161,V6B 1Y6,None,EV Plug (J1772),2,Free,Restricted,00:00 to 24:00,Unknown activation method
550-Robson-St,49.28051125,-123.118561,V6B 2B7,SWTCH,EV Plug (J1772),2,$2.00/hr,Public,00:00 to 24:00,"ChargeHub App,Network App,Network RFID"
828 Howe Street,49.28158755,-123.1210275,V6Z 2X2,SWTCH,EV Plug (J1772),2,$2.00/hr,Public,00:00 to 24:00,"ChargeHub App,Network App,Network RFID"
800 Burrard Street,49.28305984,-123.1230447,V6Z 2E7,Sun Country Highway,EV Plug (J1772),1,Free,Unknown,00:00 to 24:00,Unknown activation method
1177 W Hastings St,49.28896723,-123.1216254,V6E 2K3,None,EV Plug (J1772),6,$2.00/hr,Public,00:00 to 24:00,Unknown activation method
1038 Canada Place,49.28816704,-123.1163725,V6C 0B9,None,EV Plug (J1772),2,Free,Public,00:00 to 24:00,Unknown activation method
1055 West Georgia Street,49.28533894,-123.1217779,V6E 3N9,SWTCH,EV Plug (J1772),6,Free,Public,00:00 to 24:00,"ChargeHub App,Network App,Network RFID"
580 Hornby Street,49.28522335,-123.117666,V6C 2E7,Hypercharge,EV Plug (J1772),2,Free,Public,00:00 to 24:00,"ChargeHub App,Network App,Network RFID"
800 West Pender Street,49.28539695,-123.1163636,V6C 1J8,Hypercharge,EV Plug (J1772),1,Free,Public,00:00 to 24:00,"ChargeHub App,Network App,Network RFID"
815 West Hastings Street,49.28636134,-123.1149993,V6C 3N9,Hypercharge,EV Plug (J1772),1,Free,Public,00:00 to 24:00,"ChargeHub App,Network App,Network RFID"
